At. Madrid;Club Atletico de Madrid;Madrid;1903;;Athletic Club (Sucursal de Madrid);Wanda Metropolitano;;
Barcelona;Futbol Club Barcelona;Barcelona;1899;1903;Foot-Ball Club Barcelona;Camp Nou;F. C. Barcelona;
Burgos;Burgos Club de Futbol;Burgos;1994;;Burgos Club de Futbol;Municipal de El Plantio;Burgos CF;
Castellon;Club Deportivo Castellon;Castellon de la Plana;1919;1922;Castellon Foot-Ball Club;Nuevo Castalia;;
Celta;Real Club Celta de Vigo;Vigo;1923;;Real Club Celta;Balaidos;;
Granada;Club Recreativo Granada;Granada;1947;;Club Recreativo Granada;Miguel Prieto;;
Las Palmas;Union Deportiva Las Palmas;Las Palmas de Gran Canaria;1949;;Union Deportiva Las Palmas;Gran Canaria;U. D. Las Palmas;
Malaga (C.D.);Malaga (C.D.);;;;;;;
Sporting Gijon;Real Oviedo Vetusta;Oviedo;1930;;Real Oviedo Vetusta;El Requexon;;
Ath. Bilbao;Athletic Club;Bilbao;1898;1901;Athletic Club;San Mames;Athletic Club;
Betis;Real Betis Balompie;Sevilla;1906;1907;Sevilla Balompie;Benito Villamarin;Real Betis Balompie;
Dptivo. Coruna;Real Club Deportivo de La Coruna;La Coruna;1906;;Club Deportivo de la Sala Calvet;Abanca-Riazor;R. C. Deportivo de La Coruna;
Espanyol;Real Club Deportivo Espanol;Barcelona;1900;1900;Sociedad Espanola de Foot-Ball;RCDE Stadium;RCD Espanyol;
Oviedo;Real Oviedo;Oviedo;1926;;Real Oviedo Foot-Ball Club;Municipal Carlos Tartiere;Real Oviedo;
Real Madrid;Real Madrid Club de Futbol;Madrid;1900;1902;(Sociedad) Madrid Foot-Ball Clubn 5?;Santiago Bernabeu;Real Madrid C. F.;
Real Sociedad;Real Sociedad de Futbol;San Sebastian;1909;;Sociedad de Foot-Ball;Reale Arena;Real Sociedad;
Valencia;Valencia Club de Futbol;Valencia;1919;;Valencia Foot-Ball Club;Mestalla;Valencia C. F.;
Zaragoza;Real Zaragoza;Zaragoza;1932;;Zaragoza Foot-Ball Club;La Romareda;Real Zaragoza;
Barakaldo;Barakaldo Club de Futbol;Baracaldo;1917;;Baracaldo Foot-Ball Club;Nuevo Lasesarre;;
Cadiz;Cadiz Club de Futbol;Cadiz;1910;;Cadiz Foot-Ball Club;Ramon de Carranza;Cadiz C. F.;
Cordoba;Cordoba Club de Futbol;Cordoba;1954;;Club Deportivo San alvaro;Nuevo Arcangel;Cordoba C. F.;
Elche;Elche Club de Futbol;Elche;1922;;Elche Foot-Ball Club;Martinez Valero;Elche C. F.;
Mallorca;Real Club Deportivo Mallorca;Palma de Mallorca;1916;;(Sociedad) Alfonso XIII Foot-Ball Club;Son Moix;R. C. D. Mallorca;
Osasuna;Club Atletico Osasuna;Pamplona;1920;;Club Atletico Osasuna;El Sadar;C. A. Osasuna;
Sant Andreu;Unio Esportiva Sant Andreu;Barcelona;1909;;Unio Esportiva Sant Andreu;Narcis Sala;UE Sant Andreu;
Sevilla;Sevilla Futbol Club;Sevilla;1905;;Sevilla Foot-Ball Club;Ramon Sanchez-Pizjuan;Sevilla FC;
Valencia B;Valencia Club de Futbol Mestalla;Paterna;1944;;Club Deportivo Mestalla;Paterna;;
Valladolid;Real Valladolid Club de Futbol;Valladolid;1928;;Real Valladolid Deportivo;Jose Zorrilla;;
Cult. Leonesa;Cultural y Deportiva Leonesa;Leon;1923;;Cultural y Deportiva Leonesa;Municipal Reino de Leon;;
Gimn. Tarragon;Club Gimnastic de Tarragona;Tarragona;1914;;Club Gimnastico de Tarragona;Nou Estadi;;
Hercules;Hercules de Alicante Club de Futbol;Alicante;1914;1922;Hercules Foot-Ball Club;Jose Rico Perez;Hercules C. F.;
Logrones;Sociedad Deportiva Logrones;Logrono;2009;;Sociedad Deportiva Logrones;Las Gaunas;EDF Logrono;
Murcia;Real Murcia Club de Futbol;Murcia;1908;1920;Levante Foot-Ball Club de Murcia;Enrique Roca de Murcia;Real Murcia C. F.;
Pontevedra;Pontevedra Club de Futbol;Pontevedra;1941;;Pontevedra Club de Futbol;Municipal de Pasaron;;
Rac. Santander;Real Racing Club de Santander;Santander;1913;;Santander Racing Club;El Sardinero;;
Rayo Vallecano;Rayo Vallecano de Madrid;Madrid;1924;;Agrupacion Deportiva El Rayo;Campo de Futbol de Vallecas;;
Sabadell;Centre dEsports Sabadell Futbol Club;Sabadell;1901;1906;Centre dEsports Sabadell;Nova Creu Alta;CE Sabadell FC;
Tenerife;Club Deportivo Tenerife;Santa Cruz de Tenerife;1912;;Sporting Club Tenerife;Heliodoro Rodriguez Lopez;C. D. Tenerife;
Linares;Real Balompedica Linense;La Linea de la Concepcion;1912;1921;Real Balompedica Linense;Municipal de La Linea;;
Levante;Levante Union Deportiva;Valencia;1909;;Levante Foot-Ball Club;Ciudad de Valencia;Levante U. D.;
Ourense;Ourense;;;;;;;
Salamanca;Unionistas de Salamanca Club de Futbol;Salamanca;2013;;Plataforma de Aficionados Unionistas;Pistas del Helmantico;;
Alaves;Deportivo Alaves;Vitoria;1921;;Club Deportivo Alaves;Mendizorroza;Deportivo Alaves;
Barcelona B;Barcelona B;;;;;;;
Rec. Huelva;Real Club Recreativo de Huelva;Huelva;1889;1889;Huelva Recreation Club;Nuevo Colombino;R. C. Recreativo de Huelva;
Terrassa;Terrassa Futbol Club;Tarrasa;2009;;Terrassa Olimpica 2010;Olimpic de Terrassa;Terrassa Olimpica 2010;
Calvo Sotelo;Club Deportivo Puertollano;Puertollano;1948;;Club Deportivo Calvo Sotelo;Ciudad de Puertollano;CD Puertollano;
Ensidesa;Ensidesa;;;;;;;
Jaen;Real Jaen Club de Futbol;Jaen;1929;;Sociedad Olimpica Jiennense;La Victoria;Real Jaen CF;
Getafe;Getafe Club de Futbol;Getafe;1983;;Getafe Club de Futbol;Coliseum Alfonso Perez;Getafe C. F.;
Almeria (A.D.);Almeria (A.D.);;;;;;;
Ferrol;Racing Club de Ferrol;Ferrol;1919;;Racing Ferrol Foot-Ball Club;A Malata;Racing Club de Ferrol;
Algeciras;Algeciras Club de Futbol;Algeciras;1909;1912;Algeciras Sporting Club;Nuevo Mirador;Algeciras CF;
Real Madrid B;Real Madrid Castilla Club de Futbol;Madrid;1930;;Agrupacion Deportiva Plus Ultra;Alfredo Di Stefano;Real Madrid Club de Futbol Castilla;
Palencia;Palencia;;;;;;;
Ceuta;Club Atletico de Ceuta;Ceuta;1956;;Club Atletico de Ceuta;Municipal Alfonso Murube;;
At. Madrid B;Club Atletico de Madrid B;Majadahonda;1963;;Club Atletico Getafe;Cerro del Espino;;
Cartagena F.C.;Cartagena Futbol Club;Cartagena;1919;;Cartagena Foot-Ball Club;Cartagonova;;
Xerez;Xerez Club Deportivo;Jerez de la Frontera;1947;;Jerez Club Deportivo;Municipal de Chapin;;
Ath. Bilbao B;Bilbao Athletic;Lezama;1964;;Club Atletico de Bilbao Amateur;Instalaciones de Lezama;Bilbao Athletic;
Lorca;Lorca;;;;;;;
Albacete;Albacete Balompie;Albacete;1940;;Albacete Foot-Ball Association;Carlos Belmonte;Albacete Balompie;
Sestao;Sestao River Club;Sestao;1996;;Sestao River Club;Las Llanas;;
Zaragoza B;Zaragoza B;;;;;;;
Figueres;Unio Esportiva Figueres;Figueras;1919;;Union Sportiva Figueras;Municipal de Vilatenim;UE Figueres;
Lleida;Club Lleida Esportiu;Lerida;2011;;Club Lleida Esportiu;Camp dEsports;;
Burgos (Real);Real Burgos Club de Futbol;Burgos;1983;;Real Burgos Club de Futbol;Pallafria;;
Alzira;Alzira;;;;;;;
Eibar;Sociedad Deportiva Eibar;Eibar;1943;;Sociedad Deportiva Eibar;Municipal de Ipurua;S. D. Eibar;
Mollerussa;Mollerussa;;;;;;;
Palamos;Palamos Club de Futbol;Palamos;1954;;Palamos Sociedad Cultural;Nou Estadi de Palamos;Palamos CF;
Aviles;Real Aviles Club de Futbol;Aviles;1903;;Aviles Sport Club;Suarez Puerta;;
Orihuela;Orihuela;;;;;;;
Compostela;Sociedad Deportiva Compostela;Santiago de Compostela;2004;;Sociedad Deportiva Campus Stellae;Multiusos de San Lazaro;;
Merida;Asociacion Deportiva Merida;Merida;2013;;Asociacion Deportiva Merida;Romano;A. D. Merida;
Marbella;Marbella;;;;;;;
Villarreal;Villarreal Club de Futbol;Villarreal;1944;1947;Club Atletico Foghetecaz;El Madrigal;;
Badajoz;Club Deportivo Badajoz;Badajoz;2012;;Club Deportivo Badajoz 1905;Nuevo Vivero;C. D. Badajoz;
Lugo;Club Deportivo Lugo;Lugo;1953;;Club Deportivo Lugo;Anxo Carro;C. D. Lugo;
Leganes;Club Deportivo Leganes;Leganes;1928;;Club Deportivo Leganes;Municipal de Butarque;CD Leganes;
Toledo;Toledo;;;;;;;
Extremadura;Extremadura Union Deportiva;Almendralejo;2007;;Extremadura Union Deportiva;Francisco de la Hera;Extremadura UD;
Almeria;Union Deportiva Almeria;Almeria;1989;;Almeria Club de Futbol;Juegos Mediterraneos;;
Ecija;Ecija;;;;;;;
Numancia;Club Deportivo Numancia de Soria;Soria;1945;;Club Deportivo Numancia;Nuevo Los Pajaritos;CD Numancia;
Mallorca B;Club Deportivo Atletico Baleares;Mallorca B;1920;;Club Deportivo Atletico Baleares;Campo de Son Malferit;;
Malaga;Malaga Club de Futbol;Malaga;1948;;Club Atletico Malagueno;La Rosaleda;Malaga C. F.;
Univ.Las Palma;Univ.Las Palma;;;;;;;
Ejido;Ejido;;;;;;;
Granada 74;Granada Club de Futbol;Granada;1931;;Recreativo de Granada;Nuevo Los Carmenes;;
Malaga B;Malaga B;;;;;;;
Ponferradina;Sociedad Deportiva Ponferradina;Ponferrada;1921;1922;Sociedad Deportiva Ponferradina;El Toralin;SD Ponferradina;
Vecindario;Vecindario;;;;;;;
Sevilla B;Sevilla Atletico Club;Sevilla;1950;;Club Deportivo Puerto;Jesus Navas;;
Alicante;Alicante;;;;;;;
Huesca;Sociedad Deportiva Huesca;Huesca;1960;;Sociedad Deportiva Huesca;El Alcoraz;SD Huesca;
Girona;Girona Futbol Club;Gerona;1930;;Gerona Foot-Ball Club;Municipal de Montilivi;Girona FC;
Real Union;Real Union Club;Irun;1915;;Real Union Club de Irun;Stadium Gal;Real Union Club;
Villarreal B;Villarreal B;;;;;;;
Cartagena;Futbol Club Cartagena;Cartagena;1995;;Cartagonova Futbol Club;Cartagonova;F. C. Cartagena;
Alcorcon;Agrupacion Deportiva Alcorcon;Alcorcon;1971;;Agrupacion Deportiva Alcorcon;Santo Domingo;AD Alcorcon;
Alcoyano;Club Deportivo Alcoyano;Alcoy;1928;;Club Deportivo Alcoyano;El Collao;;
Guadalajara;Club Deportivo Guadalajara;Guadalajara;1947;;Club Deportivo Guadalajara;Pedro Escartin;CD Guadalajara;
Mirandes;Club Deportivo Mirandes;Miranda de Ebro;1927;;Club Deportivo Mirandes;Municipal de Anduva;;
Llagostera;Llagostera;;;;;;;
;Agrupacion Deportiva Alcorcon B;Alcorcon;1998;;Agrupacion Deportiva Alcorcon;Anexos Santo Domingo;;
;Club Deportivo Marino;Arona;1933;;Marino Futbol Club;Antonio Dominguez;CD Marino;
;Club Deportivo Basconia;Basauri;1913;;Club Deportivo Basconia;Artunduaga;;
;Tolosa Club de Futbol;Tolosa;1922;;Tolosa Foot-Ball Club;Berazubi;;
;Club Deportivo Contestano;Cocentaina;1917;1919;Club Deportivo Contestano;Camp de la Morera;;
;Pumarin Club de Futbol;Oviedo;1917;;Pumarin Club de Futbol;Campo de futbol Luis Oliver;;
;Sporting Club de Lutxana;Baracaldo;1919;;Sporting Club de Lutxana;Campo de Serralta;;
;Real Club Deportivo Gara;Garachico;1912;;Garachico Balompie;Campo Municipal de Garachico;;
;Calavera Club de Futbol;Sevilla;1928;;Calavera Foot-Ball Club;Centro Deportivo Calavera;;
;Club Atletico Central;Sevilla;2018;;Club Atletico Central;Centro Deportivo Vega de Triana;;
;Club de Futbol Rayo Majadahonda;Majadahonda;1976;;Club de Futbol Rayo Majadahonda;Cerro del Espino;;
;Getafe Club de Futbol B;Getafe;1983;;Getafe Club de Futbol Promesas;Ciudad Deportiva de Getafe;;
;Club Deportivo Cayon;Santa Maria de Cayon;1915;;Club Deportivo Cayon;El Astobiza;;
;Club Siero;Pola de Siero;1916;;Club Siero;El Bayu;;
;Club Deportivo Acero;Puerto de Sagunto;1919;1919;Sporting Club;El Fornas;;
;Gimnastica de Torrelavega;Torrelavega;1907;;Sociedad Gimnastica;El Malecon;;
;Real Club Deportivo Fabril;La Coruna;1914;;Fabril Foot-ball Club;El Mundo del Futbol;;
;Puerto Real Club de Futbol;Puerto Real;1931;;Juventud Artistica Deportiva;El Rosal;;
;Club Futbol Capellades;Capellades;1920;;Centre Esportiu Capello;Estadi Municipal de Capellades;;
;Alboraya Union Deportiva;Alboraya;1978;;Alboraya Union Deportiva;Estadio Francisco Gil Cardona;;
;Club Atletico Bembibre;Bembibre;1915;1922;Club Deportivo Bembibrense;Estadio La Devesa;;
;Club Haro Deportivo;Haro;1914;;Haro Sport Club;Estadio Municipal de Deportes El Mazo;;
;Velez Club de Futbol;Velez-Malaga;1922;;Sociedad Deportiva Velez Football Club;Estadio Vivar Tellez;;
;Sociedad Deportiva Deusto;Deusto;1913;;Sociedad Deportiva Deusto;Etxezuri;;
;Union Popular de Langreo;Langreo;1961;;Union Popular de Langreo;Ganzabal;UP Langreo;
;Arenas Club de Guecho;Guecho;1909;1910;Arenas Foot-Ball Club;Gobela;;
;Caudal Deportivo;Mieres;1918;;Racing Club de Mieres;Hermanos Antuna;Caudal Deportivo;
;Astur Club de Futbol;Oviedo;1923;;Astur Club de Futbol;Hermanos Llana;;
;Real Sociedad de Futbol B;San Sebastian;1950;;Real Sociedad;Instalaciones de Zubieta;;
;Racing Club Portuense;El Puerto de Santa Maria;1928;;Racing Football Club Portuense;Jose del Cuvillo;RC Portuense;
;UCAM Murcia Club de Futbol;Murcia;1999;;Universidad Catolica San Antonio de Murcia C.F.;La Condomina;UCAM Murcia Club de Futbol;
;Deportiva Pilonesa;Infiesto;1917;;Deportiva Pilonesa;La Cueva;;
;Club Portugalete;Portugalete;1909;;Club Portugalete;La Florida;;
;Real Club Deportivo Axpo Carabanchel;Madrid;1906;1916;Club Deportivo Carabanchel;La Mina;RCD Carabanchel;
;Luarca Club de Futbol;Luarca;1912;;Luarca Club de Futbol;La Veigona;;
;Club Deportivo Lealtad;Villaviciosa;1916;;Club Deportivo Lealtad;Las Callejas;;
;Union Deportiva Logrones;Logrono;1967;;Club Deportivo Varea;Las Gaunas;U. D. Logrones;
;Real Titanico;Pola de Laviana;1964;;Real Titanico - Titanic;Las Tolvas;;
;Santutxu Futbol Club;Santuchu;1918;;Santutxu Futbol Club;Mallona;;
;Carrion Balompie;Carrion de los Cespedes;1928;;Carrion Balompie;Manuel Galeano Sanchez;;
;Club Deportivo Izarra;Estella;1924;;Izarra Beti Aurrera;Merkatondoa;CD Izarra;
;Club Deportivo Elgoibar;Elgoibar;1917;;Club Deportivo Elgoibar;Mintxeta;;
;Club de Futbol Badalona;Badalona;1903;1908;Football Betulo Club;Municipal de Badalona;Club de Futbol Badalona;
;Xerez Deportivo Futbol Club;Jerez de la Frontera;2013;;Xerez Deportivo Futbol Club;Municipal de Chapin;;
;Real Union de Tenerife Club de Futbol;Tenerife;1915;;(Sociedad) 1.ยบ de Abril para el Fomento de El Cabo;Municipal de La Salud;;
;Sociedad Deportiva Beasain;Beasain;1905;;Beasain Kirol Elkartea;Municipal de Loinaz;;
;Club Marino de Luanco;Luanco;1931;;Club Marino;Municipal de Miramar;Club Marino de Luanco;
;Montilla Club de Futbol;Montilla;1973;;Club Deportivo Montilla;Municipal de Montilla;Montilla CF;
;Futbol Club Vilafranca;Villafranca del Panades;1904;1916;La Societat Football-Club Vilafranca;Municipal de Villafranca;;
;Union Deportiva Icodense;Icod de los Vinos;1912;;Icod Sporting Club;Municipal El Molino;;
;Real Sporting de Gijon;Gijon;1905;;Sporting Gijones;Municipal El Molinon-Enrique Castro Quini;Sporting de Gijon;
;Santfeliuenc Futbol Club;San Feliu de Llobregat;1905;;Santfeliuenc Foot-ball Club;Municipal Les Grases;;
;Club Esportiu Europa;Barcelona;1907;;Club Deportivo Europa;Nou Sardenya;CE Europa;
;Sociedad Deportiva Erandio Club;Erandio;1915;;Sociedad Deportiva Erandio Club;Nuevo Ategorri;;
;Club Deportivo Eldense;Elda;1921;;Club Deportivo Eldense;Nuevo Pepico Amat;;
;Club Polideportivo Cacereno;Caceres;1919;;Club Deportivo Cacereno;Principe Felipe;CP Cacereno;
;Club Deportivo Mensajero;Santa Cruz de La Palma;1922;;Club Mensajero;Silvestre Carrillo;;
;Sociedad Cultural Deportiva de Durango;Durango;1919;;Sociedad Cultural Deportiva de Durango;Tabira;;
;Sociedad Deportiva Gernika Club;Guernica;1922;;Sociedad Deportiva Gernika Club;Urbieta;;
;Sociedad Deportiva Amorebieta;Amorebieta-Echano;1925;;Sociedad Deportiva Amorebieta;Urritxe;;
;Club Deportivo San Andres;San Andres (Tenerife);1930;;Club Deportivo San Andres;Valle las Huertas;;
;Sociedad Deportiva Tenisca;Santa Cruz de La Palma;1922;;Tenisca Balompie;Virgen de las Nieves;SD Tenisca;
